Jaar;Anthozoa-bloemdieren-zeeanemonen;Aricidea-borstelwormen;Chaetopterus-borstelwormen;Chaetozone-borstelwormen;Diplocirrus-borstelwormen;Eteone-borstelwormen;Eumida-borstelwormen;Exogone-borstelwormen;Gattyana-borstelwormen;Glycera-borstelwormen;Glyphohesione-borstelwormen;Goniada-borstelwormen;Harmothoe-borstelwormen;Lanice-borstelwormen-schelpkokerworm;Levinsenia-borstelwormen;Lumbrineris-borstelwormen;Magelona-borstelwormen-zandkokerworm;Nephtys-borstelwormen-gewone zandzager;Nereis-borstelwormen-veelkleurige duizendpoot;Notomastus-borstelwormen;Ophelia-borstelwormen;Ophelina-borstelwormen;Owenia-borstelwormen;Oxydromus-borstelwormen;Pholoe-borstelwormen;Phoronida-borstelwormen;Phyllodoce-borstelwormen-gestippelde dieseltreinworm;Podarkeopsis-borstelwormen;Poecilochaetus-borstelwormen;Scolelepis-borstelwormen;Scoloplos-borstelwormen-wapenworm;Sigalion-borstelwormen;Spio-borstelwormen-oranje zandkokerworm;Spiophanes-borstelwormen-noordelijke zandkokerworm;Sthenelais-borstelwormen;Ampelisca-kreeftachtigen-vlokreeftjes;Argissa-kreeftachtigen-vlokreeftjes;Bathyporeia-kreeftachtigen-vlokreeftjes;Callianassa-kreeftachtigen-molkreeft;Corystes-kreeftachtigen-helmkrab-Chineesje;Diastylis-kreeftachtigen-zeekomma's;Eudorella-kreeftachtigen-zeekomma's;Eudorellopsis-kreeftachtigen-zeekomma's;Harpinia-kreeftachtigen-vlokreeftjes;Hippomedon-kreeftachtigen-vlokreeftjes;Ione-kreeftachtigen-pissebedden;Iphinoe-kreeftachtigen-zeekomma's;Leucothoe-kreeftachtigen-vlokreeftjes;Megaluropus-kreeftachtigen-vlokreeftjes;Nototropis-kreeftachtigen-vlokreeftjes;Perioculodes-kreeftachtigen-vlokreeftjes;Pontocrates-kreeftachtigen-vlokreeftjes;Processa-kreeftachtigen;Pseudocuma-kreeftachtigen-zeekomma's;Siphonoecetes-kreeftachtigen-vlokreeftjes;Thia-kreeftachtigen-nagelkrab;Upogebia-kreeftachtigen;Urothoe-kreeftachtigen-vlokreeftjes;Nemertea-overige ringwormen;Branchiostoma-schedellozen-lancetvisje;Cylichna-slakken-valse oubliehoren;Euspira-slakken-gewone-glanzende tepelhoren;Hyala-slakken-doorschijnend spiraalhoorntje;Turritella-ontwikkelde slakken-penhoren;Abra-tweekleppigen-witte-prismatische dunschaal;Arctica-tweekleppigen-noordkromp;Chamelea-tweekleppigen-venusschelp;Corbula-tweekleppigen-korfschelp;Dosinia-tweekleppigen-dichtgestreepte artemisschelp;Kurtiella-tweekleppigen-tweetandschelp;Mysia-tweekleppigen-zandschelp;Nucula-tweekleppigen-driehoekige-ovale parelmoerneut;Phaxas-tweekleppigen-sabelschede;Spisula-tweekleppigen-halfgeknotte-stevige-elliptische strandschelp;Tellimya-tweekleppigen-ovaal-dunschalig zeeklitschelpje;Tellina-tweekleppigen-tere-rechtsgestreepte platschelp;Thracia-tweekleppigen-papierschelpen;Thyasira-tweekleppigen-golfschelpje;Acrocnida-stekelhuidigen-ingegraven slangster;Amphiura-stekelhuidigen-slangsterren;Ophiura-stekelhuidigen-kleine-gewone slangster;Astropecten-zeesterren-kamster;Brissopsis-stekelhuidigen-zee-egels;Echinocardium-zee-egels-zeeklitten;Echinocyamus-zee-egels-zeeboontje
1991;100;100;100;100;100;100;100;100;100;100;100;100;100;100;100;100;100;100;100;100;100;100;100;100;100;100;100;100;100;100;100;100;100;100;100;100;100;100;100;100;100;100;100;100;100;100;100;100;100;100;100;100;100;100;100;100;100;100;100;100;100;100;100;100;100;100;100;100;100;100;100;100;100;100;100;100;100;100;100;100;100;100;100;100;100
1992;68;109;83;134;64;175;383;33;85;184;62;116;115;106;62;120;65;95;20;96;79;122;82;105;142;12;630;300;100;346;232;74;95;83;163;56;38;100;101;15;65;271;350;92;33;71;68;225;79;590;118;180;100;267;110;52;136;106;71;361;88;110;81;50;2;124;36;9;27;72;82;131;650;97;61;78;100;111;102;93;122;200;119;80;77
1993;66;133;91;212;30;826;33;1833;96;310;151;90;169;85;69;91;96;102;320;119;126;78;116;248;152;12;209;250;117;285;93;79;182;29;63;94;54;151;121;29;57;86;356;152;67;171;100;50;79;159;66;355;100;304;120;14;200;99;111;124;212;99;225;33;7;262;14;6;45;85;20;131;200;73;134;102;170;83;112;114;112;50;110;65;82
1994;14;50;38;146;45;1616;348;1531;50;207;87;106;256;145;79;41;86;72;199;148;116;226;61;86;121;27;575;600;217;73;96;95;1230;70;43;101;141;135;106;196;87;339;195;104;50;101;37;100;59;324;111;370;100;201;140;5;221;111;95;6;104;161;745;13;98;1621;23;45;146;58;39;109;570;1568;169;146;281;117;31;72;529;53;329;54;13
1995;59;92;44;238;21;4193;328;1243;42;149;95;40;65;480;80;37;118;70;27;93;416;184;10;91;116;29;2154;513;495;127;130;84;530;174;34;38;73;128;92;1605;83;154;83;78;37;98;183;108;77;1499;71;142;0;668;114;0;71;80;103;0;80;95;96;0;18;1587;10;24;67;55;178;101;1653;95;185;251;340;108;26;23;2043;94;144;61;39
1996;33;79;29;270;22;1128;45;191;18;63;29;67;36;5;48;19;54;60;136;162;226;91;34;100;70;23;500;130;386;109;112;35;533;36;51;71;10;69;48;56;62;234;38;65;62;100;97;127;70;154;47;64;0;226;29;0;30;155;50;0;86;125;121;15;4;399;31;196;164;25;59;79;134;60;127;96;180;117;19;35;1021;189;48;2;35
1997;21;96;55;120;43;1237;253;1625;32;55;54;152;53;49;136;22;58;57;189;316;438;110;101;80;91;37;572;160;856;231;409;43;362;26;57;109;52;183;39;111;68;408;54;59;15;23;96;67;37;198;101;103;0;166;162;0;40;117;72;9;94;101;76;0;4;5157;65;64;96;13;59;153;464;95;180;59;285;143;20;17;1689;472;144;3;68
1998;26;71;50;233;39;753;209;956;25;44;43;155;59;92;152;25;45;55;270;189;214;55;36;76;100;23;724;385;802;99;471;58;249;61;57;101;94;149;109;2602;47;262;79;59;55;60;87;150;53;110;74;152;0;248;86;0;136;162;69;0;104;44;30;45;9;529;15;6;44;12;0;84;464;35;104;167;219;112;35;27;1082;189;96;154;47
1999;18;66;41;180;55;337;56;84;33;52;34;137;116;9;77;20;63;58;149;363;80;71;72;83;55;23;372;407;179;123;109;38;71;27;87;68;0;158;75;249;104;218;85;70;14;70;133;227;41;116;67;30;1429;218;0;55;112;141;75;107;86;59;57;69;8;3062;23;92;33;10;72;157;395;30;142;87;218;110;14;26;196;89;211;6;36
2000;11;77;56;136;68;847;157;168;47;39;46;115;103;6;0;24;69;51;261;334;59;80;47;140;39;51;100;646;258;50;101;39;300;31;107;73;0;137;104;291;52;202;51;53;21;171;115;161;57;212;77;47;714;430;0;41;119;125;40;57;51;72;26;26;7;1738;55;117;104;11;17;134;537;23;78;83;231;106;12;27;275;41;42;2;17
2001;14;89;20;109;81;1082;548;0;15;23;21;126;57;18;7;19;48;48;83;277;118;112;43;103;51;34;184;491;1160;136;126;25;117;14;117;140;0;116;75;388;62;189;51;88;3;158;122;358;60;232;110;4;5000;212;0;110;75;146;38;57;55;83;65;0;23;1390;60;249;123;19;225;218;309;39;172;143;365;341;10;42;174;248;126;2;31
2002;16;68;33;129;100;1319;144;0;35;48;56;151;134;14;0;16;64;58;273;184;79;16;26;133;53;67;401;646;363;99;249;47;215;48;174;136;28;102;103;291;73;155;40;56;19;244;31;285;77;522;67;26;1429;430;150;69;97;116;45;57;92;92;20;144;2;0;25;178;155;31;312;304;277;21;232;186;529;250;8;48;120;0;169;2;11
2003;26;46;13;109;169;660;118;0;10;62;48;116;83;10;0;18;34;64;237;133;108;32;40;136;42;88;100;491;246;103;187;62;134;16;104;136;55;92;111;49;73;297;33;52;32;250;8;182;46;58;70;21;4286;192;201;151;102;114;27;81;110;76;47;26;11;0;60;205;117;15;173;206;244;21;156;128;298;239;11;44;161;166;211;1;50
2004;11;21;14;74;90;282;196;0;12;25;39;141;77;10;0;29;33;55;154;93;187;65;44;126;46;132;267;955;703;62;246;55;190;12;90;88;9;99;182;582;31;115;25;42;3;277;15;117;14;212;34;4;10714;285;17;69;128;123;16;48;146;175;81;52;3;0;14;156;207;28;243;362;212;34;216;85;394;276;25;53;83;41;85;2;33
2005;11;15;47;103;70;754;118;0;28;57;40;127;62;9;0;55;59;54;142;136;128;49;209;90;47;104;234;604;1101;54;192;52;161;15;134;84;0;139;144;146;13;128;62;70;11;132;15;299;11;58;29;4;3571;114;142;69;141;117;28;57;120;110;45;26;9;811;31;139;136;25;104;265;260;39;245;105;615;314;15;45;47;83;42;1;12
2006;15;18;19;95;101;2028;104;84;13;55;40;116;16;22;56;18;30;53;142;374;188;80;52;130;32;54;154;819;902;70;145;87;119;9;57;51;202;57;132;485;23;148;51;65;41;92;16;190;25;195;60;44;3571;93;167;177;93;160;51;0;96;65;61;92;5;116;18;309;162;12;87;302;130;31;295;134;365;409;23;36;44;124;42;1;9
2007;15;28;10;135;43;579;13;84;9;55;29;105;5;11;84;29;43;48;130;238;69;32;26;143;30;38;154;536;492;35;182;59;80;6;68;59;147;96;141;243;18;108;18;67;19;184;16;125;31;175;73;69;2857;137;84;30;80;97;37;8;102;57;69;261;3;695;18;93;52;6;35;341;130;13;221;60;221;273;17;36;22;41;126;1;7
2008;16;35;13;156;45;482;78;335;18;41;20;97;42;14;14;25;95;94;107;154;149;32;33;100;37;48;120;776;387;83;122;55;20;10;166;48;128;163;91;340;34;223;25;53;32;66;8;264;33;19;53;44;2857;329;42;74;97;120;56;0;80;65;21;118;9;348;46;485;110;9;69;433;342;23;348;83;106;216;8;30;43;0;169;1;20
2009;29;26;6;164;73;1786;26;84;7;74;21;148;16;1;49;38;164;64;130;516;119;49;64;100;16;58;188;678;656;61;269;64;228;20;122;62;101;144;97;291;42;135;7;54;3;53;8;293;26;58;68;98;7857;209;259;15;49;152;93;8;94;36;17;13;6;1043;8;154;52;6;52;428;163;18;130;98;173;269;8;33;54;124;211;2;5
2010;24;48;41;86;94;1447;65;168;6;55;25;236;21;23;35;52;99;63;142;516;257;32;59;136;38;62;222;861;445;114;224;116;54;10;125;143;18;92;83;437;34;135;4;62;8;46;47;154;7;117;36;44;5000;66;125;59;53;126;45;0;87;28;15;39;3;348;26;101;84;7;17;343;179;13;305;90;404;617;26;31;59;83;211;2;7
2011;;;;;;;;;;;;;;;;;;;;;;;;;;;;;;;;;;;;;;;;;;;;;;;;;;;;;;;;;;;;;;;;;;;;;;;;;;;;;;;;;;;;;
2012;14;22;26;146;68;1111;118;84;16;57;28;151;10;21;49;53;33;51;95;214;485;96;29;146;25;18;137;480;703;105;215;100;72;8;88;88;37;117;72;388;21;108;7;62;8;13;16;103;51;58;70;98;2857;121;25;74;49;131;39;0;77;78;38;78;6;1159;34;216;78;6;52;370;163;13;144;68;375;303;18;30;26;41;126;2;16
2013;;;;;;;;;;;;;;;;;;;;;;;;;;;;;;;;;;;;;;;;;;;;;;;;;;;;;;;;;;;;;;;;;;;;;;;;;;;;;;;;;;;;;
2014;;;;;;;;;;;;;;;;;;;;;;;;;;;;;;;;;;;;;;;;;;;;;;;;;;;;;;;;;;;;;;;;;;;;;;;;;;;;;;;;;;;;;
2015;24;73;33;120;83;1061;91;2429;29;142;35;128;10;8;42;100;27;73;237;178;505;0;20;80;18;37;68;565;117;44;192;112;70;9;88;132;37;114;84;97;29;175;0;38;5;66;16;132;52;156;68;69;1429;214;17;74;75;154;45;0;76;39;92;183;3;348;66;226;97;5;121;323;293;18;203;107;269;337;9;14;290;41;252;2;21
